# system info montre on 2022.10.13.11:09:53
system_info:
name,value
DEVICE,EP2C20F484C7
DEVICE_FAMILY,Cyclone II
GENERATION_ID,1665659345
#
#
# Files generated for montre on 2022.10.13.11:09:53
files:
filepath,kind,attributes,module,is_top
montre/simulation/montre.vhd,VHDL,,montre,true
montre/simulation/montre_jtag_uart_0_avalon_jtag_slave_translator_avalon_universal_slave_0_agent.vhd,VHDL,,montre,false
montre/simulation/montre_sdram_s1_translator_avalon_universal_slave_0_agent.vhd,VHDL,,montre,false
montre/simulation/montre_width_adapter.vhd,VHDL,,montre,false
montre/simulation/montre_width_adapter_001.vhd,VHDL,,montre,false
montre/simulation/montre_nios2_qsys_0_data_master_translator.vhd,VHDL,,montre,false
montre/simulation/montre_nios2_qsys_0_instruction_master_translator.vhd,VHDL,,montre,false
montre/simulation/montre_jtag_uart_0_avalon_jtag_slave_translator.vhd,VHDL,,montre,false
montre/simulation/montre_sdram_s1_translator.vhd,VHDL,,montre,false
montre/simulation/montre_timer_s1_translator.vhd,VHDL,,montre,false
montre/simulation/montre_nios2_qsys_0_jtag_debug_module_translator.vhd,VHDL,,montre,false
montre/simulation/montre_bottons_avalon_parallel_port_slave_translator.vhd,VHDL,,montre,false
montre/simulation/montre_sysid_qsys_0_control_slave_translator.vhd,VHDL,,montre,false
montre/simulation/submodules/montre_sdram.vhd,VHDL,,montre_sdram,false
montre/simulation/submodules/montre_pll.vhd,VHDL,,montre_pll,false
montre/simulation/submodules/montre_timer.vhd,VHDL,,montre_timer,false
montre/simulation/submodules/montre_bottons.vhd,VHDL,,montre_bottons,false
montre/simulation/submodules/montre_hex.vhd,VHDL,,montre_hex,false
montre/simulation/submodules/montre_jtag_uart_0.vhd,VHDL,,montre_jtag_uart_0,false
montre/simulation/submodules/montre_sysid_qsys_0.vho,VHDL,,montre_sysid_qsys_0,false
montre/simulation/submodules/montre_nios2_qsys_0.sdc,SDC,,montre_nios2_qsys_0,false
montre/simulation/submodules/montre_nios2_qsys_0.vhd,VHDL,,montre_nios2_qsys_0,false
montre/simulation/submodules/montre_nios2_qsys_0_jtag_debug_module_sysclk.vhd,VHDL,,montre_nios2_qsys_0,false
montre/simulation/submodules/montre_nios2_qsys_0_jtag_debug_module_tck.vhd,VHDL,,montre_nios2_qsys_0,false
montre/simulation/submodules/montre_nios2_qsys_0_jtag_debug_module_wrapper.vhd,VHDL,,montre_nios2_qsys_0,false
montre/simulation/submodules/montre_nios2_qsys_0_nios2_waves.do,OTHER,,montre_nios2_qsys_0,false
montre/simulation/submodules/montre_nios2_qsys_0_ociram_default_contents.dat,DAT,,montre_nios2_qsys_0,false
montre/simulation/submodules/montre_nios2_qsys_0_ociram_default_contents.hex,HEX,,montre_nios2_qsys_0,false
montre/simulation/submodules/montre_nios2_qsys_0_ociram_default_contents.mif,MIF,,montre_nios2_qsys_0,false
montre/simulation/submodules/montre_nios2_qsys_0_oci_test_bench.vhd,VHDL,,montre_nios2_qsys_0,false
montre/simulation/submodules/montre_nios2_qsys_0_rf_ram_a.dat,DAT,,montre_nios2_qsys_0,false
montre/simulation/submodules/montre_nios2_qsys_0_rf_ram_a.hex,HEX,,montre_nios2_qsys_0,false
montre/simulation/submodules/montre_nios2_qsys_0_rf_ram_a.mif,MIF,,montre_nios2_qsys_0,false
montre/simulation/submodules/montre_nios2_qsys_0_rf_ram_b.dat,DAT,,montre_nios2_qsys_0,false
montre/simulation/submodules/montre_nios2_qsys_0_rf_ram_b.hex,HEX,,montre_nios2_qsys_0,false
montre/simulation/submodules/montre_nios2_qsys_0_rf_ram_b.mif,MIF,,montre_nios2_qsys_0,false
montre/simulation/submodules/montre_nios2_qsys_0_test_bench.vhd,VHDL,,montre_nios2_qsys_0,false
montre/simulation/submodules/mentor/altera_merlin_master_translator.sv,SYSTEM_VERILOG_ENCRYPT,MENTOR_SPECIFIC,altera_merlin_master_translator,false
montre/simulation/submodules/aldec/altera_merlin_master_translator.sv,SYSTEM_VERILOG_ENCRYPT,ALDEC_SPECIFIC,altera_merlin_master_translator,false
montre/simulation/submodules/mentor/altera_merlin_slave_translator.sv,SYSTEM_VERILOG_ENCRYPT,MENTOR_SPECIFIC,altera_merlin_slave_translator,false
montre/simulation/submodules/aldec/altera_merlin_slave_translator.sv,SYSTEM_VERILOG_ENCRYPT,ALDEC_SPECIFIC,altera_merlin_slave_translator,false
montre/simulation/submodules/mentor/altera_merlin_master_agent.sv,SYSTEM_VERILOG_ENCRYPT,MENTOR_SPECIFIC,altera_merlin_master_agent,false
montre/simulation/submodules/aldec/altera_merlin_master_agent.sv,SYSTEM_VERILOG_ENCRYPT,ALDEC_SPECIFIC,altera_merlin_master_agent,false
montre/simulation/submodules/mentor/altera_merlin_slave_agent.sv,SYSTEM_VERILOG_ENCRYPT,MENTOR_SPECIFIC,altera_merlin_slave_agent,false
montre/simulation/submodules/mentor/altera_merlin_burst_uncompressor.sv,SYSTEM_VERILOG_ENCRYPT,MENTOR_SPECIFIC,altera_merlin_slave_agent,false
montre/simulation/submodules/aldec/altera_merlin_slave_agent.sv,SYSTEM_VERILOG_ENCRYPT,ALDEC_SPECIFIC,altera_merlin_slave_agent,false
montre/simulation/submodules/aldec/altera_merlin_burst_uncompressor.sv,SYSTEM_VERILOG_ENCRYPT,ALDEC_SPECIFIC,altera_merlin_slave_agent,false
montre/simulation/submodules/montre_jtag_uart_0_avalon_jtag_slave_translator_avalon_universal_slave_0_agent_rsp_fifo.vho,VHDL,,montre_jtag_uart_0_avalon_jtag_slave_translator_avalon_universal_slave_0_agent_rsp_fifo,false
montre/simulation/submodules/montre_sdram_s1_translator_avalon_universal_slave_0_agent_rsp_fifo.vho,VHDL,,montre_sdram_s1_translator_avalon_universal_slave_0_agent_rsp_fifo,false
montre/simulation/submodules/montre_sdram_s1_translator_avalon_universal_slave_0_agent_rdata_fifo.vho,VHDL,,montre_sdram_s1_translator_avalon_universal_slave_0_agent_rdata_fifo,false
montre/simulation/submodules/montre_addr_router.vho,VHDL,,montre_addr_router,false
montre/simulation/submodules/montre_id_router.vho,VHDL,,montre_id_router,false
montre/simulation/submodules/montre_id_router_001.vho,VHDL,,montre_id_router_001,false
montre/simulation/submodules/mentor/altera_merlin_burst_adapter.sv,SYSTEM_VERILOG_ENCRYPT,MENTOR_SPECIFIC,altera_merlin_burst_adapter,false
montre/simulation/submodules/mentor/altera_merlin_address_alignment.sv,SYSTEM_VERILOG_ENCRYPT,MENTOR_SPECIFIC,altera_merlin_burst_adapter,false
montre/simulation/submodules/aldec/altera_merlin_burst_adapter.sv,SYSTEM_VERILOG_ENCRYPT,ALDEC_SPECIFIC,altera_merlin_burst_adapter,false
montre/simulation/submodules/aldec/altera_merlin_address_alignment.sv,SYSTEM_VERILOG_ENCRYPT,ALDEC_SPECIFIC,altera_merlin_burst_adapter,false
montre/simulation/submodules/mentor/altera_reset_controller.v,VERILOG_ENCRYPT,MENTOR_SPECIFIC,altera_reset_controller,false
montre/simulation/submodules/mentor/altera_reset_synchronizer.v,VERILOG_ENCRYPT,MENTOR_SPECIFIC,altera_reset_controller,false
montre/simulation/submodules/aldec/altera_reset_controller.v,VERILOG_ENCRYPT,ALDEC_SPECIFIC,altera_reset_controller,false
montre/simulation/submodules/aldec/altera_reset_synchronizer.v,VERILOG_ENCRYPT,ALDEC_SPECIFIC,altera_reset_controller,false
montre/simulation/submodules/montre_cmd_xbar_demux.vho,VHDL,,montre_cmd_xbar_demux,false
montre/simulation/submodules/montre_cmd_xbar_mux.vho,VHDL,,montre_cmd_xbar_mux,false
montre/simulation/submodules/montre_rsp_xbar_demux.vho,VHDL,,montre_rsp_xbar_demux,false
montre/simulation/submodules/montre_rsp_xbar_mux.vho,VHDL,,montre_rsp_xbar_mux,false
montre/simulation/submodules/mentor/altera_merlin_width_adapter.sv,SYSTEM_VERILOG_ENCRYPT,MENTOR_SPECIFIC,altera_merlin_width_adapter,false
montre/simulation/submodules/mentor/altera_merlin_address_alignment.sv,SYSTEM_VERILOG_ENCRYPT,MENTOR_SPECIFIC,altera_merlin_width_adapter,false
montre/simulation/submodules/mentor/altera_merlin_burst_uncompressor.sv,SYSTEM_VERILOG_ENCRYPT,MENTOR_SPECIFIC,altera_merlin_width_adapter,false
montre/simulation/submodules/aldec/altera_merlin_width_adapter.sv,SYSTEM_VERILOG_ENCRYPT,ALDEC_SPECIFIC,altera_merlin_width_adapter,false
montre/simulation/submodules/aldec/altera_merlin_address_alignment.sv,SYSTEM_VERILOG_ENCRYPT,ALDEC_SPECIFIC,altera_merlin_width_adapter,false
montre/simulation/submodules/aldec/altera_merlin_burst_uncompressor.sv,SYSTEM_VERILOG_ENCRYPT,ALDEC_SPECIFIC,altera_merlin_width_adapter,false
montre/simulation/submodules/montre_irq_mapper.vho,VHDL,,montre_irq_mapper,false
#
# Map from instance-path to kind of module
instances:
instancePath,module
montre.sdram,montre_sdram
montre.pll,montre_pll
montre.timer,montre_timer
montre.bottons,montre_bottons
montre.hex,montre_hex
montre.jtag_uart_0,montre_jtag_uart_0
montre.sysid_qsys_0,montre_sysid_qsys_0
montre.nios2_qsys_0,montre_nios2_qsys_0
montre.nios2_qsys_0_data_master_translator,altera_merlin_master_translator
montre.nios2_qsys_0_instruction_master_translator,altera_merlin_master_translator
montre.nios2_qsys_0_data_master_translator,altera_merlin_master_translator
montre.nios2_qsys_0_instruction_master_translator,altera_merlin_master_translator
montre.jtag_uart_0_avalon_jtag_slave_translator,altera_merlin_slave_translator
montre.sdram_s1_translator,altera_merlin_slave_translator
montre.timer_s1_translator,altera_merlin_slave_translator
montre.nios2_qsys_0_jtag_debug_module_translator,altera_merlin_slave_translator
montre.bottons_avalon_parallel_port_slave_translator,altera_merlin_slave_translator
montre.hex_avalon_parallel_port_slave_translator,altera_merlin_slave_translator
montre.sysid_qsys_0_control_slave_translator,altera_merlin_slave_translator
montre.jtag_uart_0_avalon_jtag_slave_translator,altera_merlin_slave_translator
montre.sdram_s1_translator,altera_merlin_slave_translator
montre.timer_s1_translator,altera_merlin_slave_translator
montre.nios2_qsys_0_jtag_debug_module_translator,altera_merlin_slave_translator
montre.bottons_avalon_parallel_port_slave_translator,altera_merlin_slave_translator
montre.sysid_qsys_0_control_slave_translator,altera_merlin_slave_translator
montre.nios2_qsys_0_data_master_translator_avalon_universal_master_0_agent,altera_merlin_master_agent
montre.nios2_qsys_0_instruction_master_translator_avalon_universal_master_0_agent,altera_merlin_master_agent
montre.jtag_uart_0_avalon_jtag_slave_translator_avalon_universal_slave_0_agent,altera_merlin_slave_agent
montre.sdram_s1_translator_avalon_universal_slave_0_agent,altera_merlin_slave_agent
montre.timer_s1_translator_avalon_universal_slave_0_agent,altera_merlin_slave_agent
montre.nios2_qsys_0_jtag_debug_module_translator_avalon_universal_slave_0_agent,altera_merlin_slave_agent
montre.bottons_avalon_parallel_port_slave_translator_avalon_universal_slave_0_agent,altera_merlin_slave_agent
montre.hex_avalon_parallel_port_slave_translator_avalon_universal_slave_0_agent,altera_merlin_slave_agent
montre.sysid_qsys_0_control_slave_translator_avalon_universal_slave_0_agent,altera_merlin_slave_agent
montre.jtag_uart_0_avalon_jtag_slave_translator_avalon_universal_slave_0_agent,altera_merlin_slave_agent
montre.sdram_s1_translator_avalon_universal_slave_0_agent,altera_merlin_slave_agent
montre.jtag_uart_0_avalon_jtag_slave_translator_avalon_universal_slave_0_agent_rsp_fifo,montre_jtag_uart_0_avalon_jtag_slave_translator_avalon_universal_slave_0_agent_rsp_fifo
montre.timer_s1_translator_avalon_universal_slave_0_agent_rsp_fifo,montre_jtag_uart_0_avalon_jtag_slave_translator_avalon_universal_slave_0_agent_rsp_fifo
montre.nios2_qsys_0_jtag_debug_module_translator_avalon_universal_slave_0_agent_rsp_fifo,montre_jtag_uart_0_avalon_jtag_slave_translator_avalon_universal_slave_0_agent_rsp_fifo
montre.bottons_avalon_parallel_port_slave_translator_avalon_universal_slave_0_agent_rsp_fifo,montre_jtag_uart_0_avalon_jtag_slave_translator_avalon_universal_slave_0_agent_rsp_fifo
montre.hex_avalon_parallel_port_slave_translator_avalon_universal_slave_0_agent_rsp_fifo,montre_jtag_uart_0_avalon_jtag_slave_translator_avalon_universal_slave_0_agent_rsp_fifo
montre.sysid_qsys_0_control_slave_translator_avalon_universal_slave_0_agent_rsp_fifo,montre_jtag_uart_0_avalon_jtag_slave_translator_avalon_universal_slave_0_agent_rsp_fifo
montre.sdram_s1_translator_avalon_universal_slave_0_agent_rsp_fifo,montre_sdram_s1_translator_avalon_universal_slave_0_agent_rsp_fifo
montre.sdram_s1_translator_avalon_universal_slave_0_agent_rdata_fifo,montre_sdram_s1_translator_avalon_universal_slave_0_agent_rdata_fifo
montre.addr_router,montre_addr_router
montre.addr_router_001,montre_addr_router
montre.id_router,montre_id_router
montre.id_router_002,montre_id_router
montre.id_router_003,montre_id_router
montre.id_router_004,montre_id_router
montre.id_router_005,montre_id_router
montre.id_router_006,montre_id_router
montre.id_router_001,montre_id_router_001
montre.burst_adapter,altera_merlin_burst_adapter
montre.rst_controller,altera_reset_controller
montre.cmd_xbar_demux,montre_cmd_xbar_demux
montre.cmd_xbar_demux_001,montre_cmd_xbar_demux
montre.cmd_xbar_mux,montre_cmd_xbar_mux
montre.cmd_xbar_mux_001,montre_cmd_xbar_mux
montre.cmd_xbar_mux_002,montre_cmd_xbar_mux
montre.cmd_xbar_mux_003,montre_cmd_xbar_mux
montre.cmd_xbar_mux_004,montre_cmd_xbar_mux
montre.cmd_xbar_mux_005,montre_cmd_xbar_mux
montre.cmd_xbar_mux_006,montre_cmd_xbar_mux
montre.rsp_xbar_demux,montre_rsp_xbar_demux
montre.rsp_xbar_demux_001,montre_rsp_xbar_demux
montre.rsp_xbar_demux_002,montre_rsp_xbar_demux
montre.rsp_xbar_demux_003,montre_rsp_xbar_demux
montre.rsp_xbar_demux_004,montre_rsp_xbar_demux
montre.rsp_xbar_demux_005,montre_rsp_xbar_demux
montre.rsp_xbar_demux_006,montre_rsp_xbar_demux
montre.rsp_xbar_mux,montre_rsp_xbar_mux
montre.rsp_xbar_mux_001,montre_rsp_xbar_mux
montre.width_adapter,altera_merlin_width_adapter
montre.width_adapter_001,altera_merlin_width_adapter
montre.width_adapter,altera_merlin_width_adapter
montre.width_adapter_001,altera_merlin_width_adapter
montre.irq_mapper,montre_irq_mapper
